Level1,Level2,Level3
5.699999809,5.900000095,4.699999809
6.5,5.199999809,4.099999905
6.099999905,4.599999905,4
5.599999905,6.800000191,3.700000048
4.300000191,4.400000095,5.599999905
6.099999905,6,6.199999809
6.800000191,5.699999809,4
3.5,6.300000191,4.599999905
6.099999905,5.199999809,6.099999905
